{
    "kimberlina": {
        "data_y_min": -168.18283081054688,
        "data_y_max": 196.10911560058594,
        "data_x_min": -133.36102294921875,
        "data_x_max": 120.94720458984375,
        "label1_min": -3252.240966796875,
        "label1_max": -1516.74267578125,
        "label2_min": -3270.5234375,
        "label2_max": -1512.6943359375,
        "file_size": 100,
        "nbc": 100,
        "dx": 60,
        "nt": 4000,
        "dt": 14e-3,
        "f": 15,
        "n_grid": 97,
        "ns": 3,
        "ng": 289,
        "sz": 130,
        "gz": 140
    }
}
