{
    "kimberlina": {
        "data_y_min": -168.18283081054688,
        "data_y_max": 196.10911560058594,
        "data_x_min": -133.36102294921875,
        "data_x_max": 120.94720458984375,
        "label1_min": -2848.409912109375,
        "label1_max": -2140.350830078125,
        "label2_min": -2988.387451171875,
        "label2_max": -1850.108154296875,
        "label3_min": -3155.6396484375,
        "label3_max": -1660.379638671875,
        "label4_min": -3239.749755859375,
        "label4_max": -1554.9443359375,
        "file_size": 100,
        "nbc": 100,
        "dx": 60,
        "nt": 4000,
        "dt": 14e-3,
        "f": 15,
        "n_grid": 97,
        "ns": 3,
        "ng": 289,
        "sz": 130,
        "gz": 140
    }
}
